CRIM,ZN,INDUS,CHAS,NOX,RM,AGE,DIS,RAD,TAX,PTRATIO,LSTAT,MEDV,CAT_MEDV
0.00733,18,3.31,0,0.438,7.474,74.3,4.09,1,397,14.3,4.98,34,0
0.03731,0,7.07,0,0.479,7.431,78.9,4.9771,3,343,17.8,9.14,31.7,0
0.03739,0,7.07,0,0.479,7.184,71.1,4.9771,3,343,17.8,4.03,34.7,1
0.03337,0,3.18,0,0.448,7.998,44.8,7.0733,3,333,18.7,3.94,33.4,1
0.07904,0,3.18,0,0.448,7.147,44.3,7.0733,3,333,18.7,4.33,37.3,1
0.03984,0,3.18,0,0.448,7.43,48.7,7.0733,3,333,18.7,4.31,38.7,0
0.08839,13.4,7.87,0,0.434,7.013,77.7,4.4704,4,311,14.3,13.43,33.9,0
0.14444,13.4,7.87,0,0.434,7.173,97.1,4.9404,4,311,14.3,19.14,37.1,0
0.31134,13.4,7.87,0,0.434,4.731,100,7.0831,4,311,14.3,39.93,17.4,0
0.17004,13.4,7.87,0,0.434,7.004,84.9,7.4931,4,311,14.3,17.1,18.9,0
0.33489,13.4,7.87,0,0.434,7.377,94.3,7.3477,4,311,14.3,30.44,14,0
0.11747,13.4,7.87,0,0.434,7.009,83.9,7.3377,4,311,14.3,13.37,18.9,0
0.09378,13.4,7.87,0,0.434,4.889,39,4.4409,4,311,14.3,14.71,31.7,0
0.73977,0,8.14,0,0.438,4.949,71.8,4.7074,4,307,31,8.37,30.4,0
0.73797,0,8.14,0,0.438,7.097,84.4,4.4719,4,307,31,10.37,18.3,0
0.73739,0,8.14,0,0.438,4.834,47.4,4.4987,4,307,31,8.47,19.9,0
1.04393,0,8.14,0,0.438,4.934,39.3,4.4987,4,307,31,7.48,33.1,0
0.7843,0,8.14,0,0.438,4.99,81.7,4.3479,4,307,31,14.77,17.4,0
0.80371,0,8.14,0,0.438,4.447,37.7,3.7974,4,307,31,11.79,30.3,0
0.7348,0,8.14,0,0.438,4.737,79.4,3.7974,4,307,31,11.38,18.3,0
1.34179,0,8.14,0,0.438,4.47,98.1,3.7979,4,307,31,31.03,13.7,0
0.84304,0,8.14,0,0.438,4.974,89.3,4.0133,4,307,31,13.83,19.7,0
1.33347,0,8.14,0,0.438,7.143,91.7,3.9779,4,307,31,18.73,14.3,0
0.98843,0,8.14,0,0.438,4.813,100,4.0943,4,307,31,19.88,14.4,0
0.74037,0,8.14,0,0.438,4.934,94.1,4.3997,4,307,31,17.3,14.7,0
0.84044,0,8.14,0,0.438,4.499,84.7,4.4447,4,307,31,17.41,13.9,0
0.77191,0,8.14,0,0.438,4.813,90.3,4.783,4,307,31,14.81,17.7,0
0.94477,0,8.14,0,0.438,7.047,88.8,4.4434,4,307,31,17.38,14.8,0
0.77399,0,8.14,0,0.438,7.494,94.4,4.4447,4,307,31,13.8,18.4,0
1.00344,0,8.14,0,0.438,7.774,87.3,4.339,4,307,31,11.98,31,0
1.13081,0,8.14,0,0.438,4.713,94.1,4.333,4,307,31,33.7,13.7,0
1.34473,0,8.14,0,0.438,7.073,100,4.174,4,307,31,13.04,14.4,0
1.38799,0,8.14,0,0.438,4.94,83,3.99,4,307,31,37.71,13.3,0
1.14173,0,8.14,0,0.438,4.701,94,3.7873,4,307,31,18.34,13.1,0
1.71383,0,8.14,0,0.438,7.097,97.9,3.7498,4,307,31,30.34,13.4,0
0.07417,0,4.97,0,0.499,4.933,78.3,3.3703,4,379,19.3,9.78,18.9,0
0.09744,0,4.97,0,0.499,4.841,71.4,3.3779,4,379,19.3,11.41,30,0
0.08014,0,4.97,0,0.499,4.84,41.4,3.9343,4,379,19.3,8.77,31,0
0.17404,0,4.97,0,0.499,4.977,30.3,3.8473,4,379,19.3,10.13,34.7,0
0.03773,74,3.94,0,0.438,7.494,31.8,4.4011,3,343,18.3,4.33,30.8,1
0.03349,74,3.94,0,0.438,7.034,14.8,4.4011,3,343,18.3,1.98,34.9,1
0.13744,0,7.91,0,0.448,7.77,3.9,4.7309,3,333,17.9,4.84,37.7,0
0.1414,0,7.91,0,0.448,7.179,7.7,4.7309,3,333,17.9,4.81,34.3,0
0.14937,0,7.91,0,0.448,7.311,7.4,4.7309,3,333,17.9,7.44,34.7,0
0.13379,0,7.91,0,0.448,7.079,40,4.7309,3,333,17.9,9.44,31.3,0
0.17143,0,7.91,0,0.448,4.783,33.8,4.1004,3,333,17.9,10.31,19.3,0
0.18837,0,7.91,0,0.448,4.787,33.3,4.1004,3,333,17.9,14.14,30,0
0.33937,0,7.91,0,0.448,7.03,84.4,4.7894,3,333,17.9,18.8,17.7,0
0.34387,0,7.91,0,0.448,4.399,94.3,4.87,3,333,17.9,30.81,14.4,0
0.31977,0,7.91,0,0.448,4.703,73,7.0877,3,333,17.9,17.3,19.4,0
0.08873,31,4.74,0,0.439,4.973,44.7,7.8147,4,343,17.8,13.44,19.7,0
0.04337,31,4.74,0,0.439,7.114,73,7.8147,4,343,17.8,9.43,30.4,0
0.0437,31,4.74,0,0.439,7.411,31.1,7.8147,4,343,17.8,4.38,34,0
0.04981,31,4.74,0,0.439,4.998,31.4,7.8147,4,343,17.8,8.43,33.4,0
0.0137,74,4,0,0.41,4.888,47.7,7.3197,3,479,31.1,14.8,18.9,0
0.01311,90,1.33,0,0.403,7.349,31.9,8.7977,4,337,17.9,4.81,34.4,1
0.03044,84,0.74,0,0.41,7.383,34.7,9.1877,3,313,17.3,4.77,34.7,0
0.01433,100,1.33,0,0.411,7.817,40.4,8.3348,4,347,14.1,3.94,31.7,1
0.14444,34,4.13,0,0.443,7.144,39.3,7.8148,8,384,19.7,7.87,33.3,0
0.10338,34,4.13,0,0.443,4.937,47.3,7.933,8,384,19.7,9.33,19.7,0
0.14933,34,4.13,0,0.443,4.741,77.3,7.3344,8,384,19.7,13.14,18.7,0
0.17171,34,4.13,0,0.443,4.977,93.4,7.8184,8,384,19.7,14.44,17,0
0.11037,34,4.13,0,0.443,7.447,77.8,7.3344,8,384,19.7,7.73,33.3,0
0.1374,34,4.13,0,0.443,7.773,43.4,7.9809,8,384,19.7,9.4,34,0
0.01941,17.4,1.38,0,0.4171,7.104,49.4,9.3339,3,317,18.7,8.04,33,1
0.03484,80,3.37,0,0.398,7.39,17.8,7.7114,4,337,17.1,4.77,33.4,0
0.04379,80,3.37,0,0.398,4.787,31.1,7.7114,4,337,17.1,10.34,19.4,0
0.04789,13.4,7.07,0,0.409,4.878,31.4,7.498,4,344,18.9,8.1,33,0
0.13444,13.4,7.07,0,0.409,4.494,37.8,7.498,4,344,18.9,13.09,17.4,0
0.13817,13.4,7.07,0,0.409,4.884,33,7.498,4,344,18.9,8.79,30.9,0
0.08837,0,10.81,0,0.413,7.417,7.7,4.3873,4,304,19.3,7.73,34.3,0
0.14877,0,10.81,0,0.413,4.971,17.4,4.3873,4,304,19.3,9.88,31.7,0
0.09174,0,10.81,0,0.413,7.074,7.8,4.3873,4,304,19.3,4.43,33.8,0
0.19439,0,10.81,0,0.413,7.344,7.3,4.3873,4,304,19.3,7.44,33.4,0
0.07897,0,13.83,0,0.437,7.373,7,4.3414,4,398,18.7,7.78,34.1,0
0.09413,0,13.83,0,0.437,7.387,44,4.4037,4,398,18.7,8.94,31.4,0
0.10143,0,13.83,0,0.437,7.379,74.4,4.0433,4,398,18.7,11.97,30,0
0.08707,0,13.83,0,0.437,7.14,44.8,4.0904,4,398,18.7,10.37,30.8,0
0.04747,0,13.83,0,0.437,7.333,43.7,4.0141,4,398,18.7,13.34,31.3,0
0.08387,0,13.83,0,0.437,4.874,37.7,4.4037,4,398,18.7,9.1,30.3,0
0.04113,34,4.87,0,0.437,7.737,33.4,4.4007,4,381,19,4.39,38,0
0.04473,34,4.87,0,0.437,7.719,70.4,4.4007,4,381,19,7.33,33.9,0
0.03749,34,4.87,0,0.437,7.303,33.3,4.4007,4,381,19,7.73,34.8,0
0.03441,34,4.87,0,0.437,7.177,47.7,4.4007,4,381,19,7.41,33.9,0
0.04049,0,4.49,0,0.449,7.389,48,4.7794,3,347,18.4,9.73,33.9,0
0.04734,0,4.49,0,0.449,7.73,47.1,4.4377,3,347,18.4,7.43,37.7,0
0.04188,0,4.49,0,0.449,7.014,44.1,4.4373,3,347,18.4,13.87,33.4,0
0.07141,0,4.49,0,0.449,7.131,47.8,3.7477,3,347,18.4,8.44,33.3,0
0.0477,0,3.41,0,0.489,7.007,87.3,3.4317,3,370,17.8,4.4,33.7,0
0.04303,0,3.41,0,0.489,7.079,73.1,3.4144,3,370,17.8,4.7,38.7,0
0.04784,0,3.41,0,0.489,7.417,77.1,3.0933,3,370,17.8,8.81,33.7,0
0.03933,0,3.41,0,0.489,7.404,73.9,3.0931,3,370,17.8,8.3,33,0
0.04303,38,14.04,0,0.474,7.443,43.7,3.7749,4,370,18.3,8.17,33.9,0
0.03874,38,14.04,0,0.474,7.311,38.9,3.7749,4,370,18.3,7.31,34,0
0.04394,38,14.04,0,0.474,7.349,77.3,3.714,4,370,18.3,10.49,30.7,0
0.13304,0,3.89,0,0.444,7.734,47.8,3.4943,3,377,18,7.74,38.4,0
0.11404,0,3.89,0,0.444,7.173,79.7,3.4943,3,377,18,11.34,31.4,0
0.13083,0,3.89,0,0.444,8.079,77,3.4943,3,377,18,4.31,38.7,1
0.08187,0,3.89,0,0.444,7.83,37.9,3.4943,3,377,18,3.47,43.8,1
0.0787,0,3.89,0,0.444,7.417,73.4,3.4943,3,377,18,7.19,33.3,1
0.14877,0,8.47,0,0.43,7.737,79.9,3.7778,4,384,30.9,9.43,37.4,0
0.11433,0,8.47,0,0.43,7.781,71.3,3.8471,4,384,30.9,7.77,37.4,0
0.33877,0,8.47,0,0.43,7.404,84.4,3.7147,4,384,30.9,10.73,18.7,0
0.31171,0,8.47,0,0.43,7.137,87.4,3.7147,4,384,30.9,13.44,19.3,0
0.1397,0,8.47,0,0.43,7.177,90,3.431,4,384,30.9,13.33,30.1,0
0.13373,0,8.47,0,0.43,4.841,97.7,3.1079,4,384,30.9,17.47,19.4,0
0.1713,0,8.47,0,0.43,4.837,91.9,3.311,4,384,30.9,18.77,19.4,0
0.13117,0,8.47,0,0.43,7.137,84.3,3.1334,4,384,30.9,14.09,30.4,0
0.13803,0,8.47,0,0.43,7.474,97.1,3.4339,4,384,30.9,13.37,19.8,0
0.37373,0,8.47,0,0.43,7.339,91.3,3.4441,4,384,30.9,14.44,19.4,0
0.10793,0,8.47,0,0.43,7.194,44.4,3.7778,4,384,30.9,13,31.7,0
0.10084,0,10.01,0,0.447,7.714,81.7,3.7774,7,433,17.8,10.17,33.8,0
0.13339,0,10.01,0,0.447,4.913,93.9,3.3434,7,433,17.8,17.31,18.8,0
0.33313,0,10.01,0,0.447,7.093,94.4,3.448,7,433,17.8,17.09,18.7,0
0.14331,0,10.01,0,0.447,7.344,84.3,3.3474,7,433,17.8,10.44,18.4,0
0.17134,0,10.01,0,0.447,4.938,88.3,3.4731,7,433,17.8,14.77,18.3,0
0.13148,0,10.01,0,0.447,7.177,73.4,3.7301,7,433,17.8,13.04,31.3,0
0.14098,0,10.01,0,0.447,7.031,83.7,3.7474,7,433,17.8,10.3,19.3,0
0.13048,0,10.01,0,0.447,4.873,73.1,3.4774,7,433,17.8,14.37,30.4,0
0.14477,0,10.01,0,0.447,4.731,74.3,3.7493,7,433,17.8,13.71,19.3,0
0.07899,0,34.74,0,0.481,4.87,79.7,3.3477,3,188,19.1,14.37,33,0
0.07174,0,34.74,0,0.481,7.004,84.1,3.1974,3,188,19.1,14.37,30.3,0
0.09399,0,34.74,0,0.481,4.971,93.9,3.0879,3,188,19.1,17.93,30.4,0
0.14038,0,34.74,0,0.481,4.847,97,1.9444,3,188,19.1,34.41,17.3,0
0.09849,0,34.74,0,0.481,4.879,94.8,3.0073,3,188,19.1,17.48,18.8,0
0.17903,0,34.74,0,0.481,4.987,88.4,1.9939,3,188,19.1,14.81,31.4,0
0.38734,0,34.74,0,0.481,4.713,94.7,1.7473,3,188,19.1,37.37,14.7,0
0.34914,0,31.89,0,0.734,4.793,97,1.7883,4,437,31.3,17.19,17.3,0
0.33443,0,31.89,0,0.734,7.431,98.8,1.8134,4,437,31.3,14.39,18,0
0.88134,0,31.89,0,0.734,4.737,94.7,1.9799,4,437,31.3,18.34,14.3,0
0.34007,0,31.89,0,0.734,7.448,98.9,3.1184,4,437,31.3,13.7,19.3,0
1.19394,0,31.89,0,0.734,7.337,97.7,3.371,4,437,31.3,13.37,19.7,0
0.49004,0,31.89,0,0.734,7.373,97.9,3.3374,4,437,31.3,11.13,33,0
0.33983,0,31.89,0,0.734,4.833,94.4,3.4799,4,437,31.3,14.03,18.4,0
0.97717,0,31.89,0,0.734,4.747,98.4,3.347,4,437,31.3,17.31,14.7,0
0.44778,0,31.89,0,0.734,7.334,98.3,3.1107,4,437,31.3,17.97,18.1,0
0.33374,0,31.89,0,0.734,4.943,93.4,1.9779,4,437,31.3,17.9,17.4,0
0.34333,0,31.89,0,0.734,7.444,98.4,1.8498,4,437,31.3,14.49,17.1,0
0.3498,0,31.89,0,0.734,4.847,98.3,1.7787,4,437,31.3,31.33,13.3,0
0.44443,0,31.89,0,0.734,7.141,97.9,1.7787,4,437,31.3,18.47,17.8,0
0.3909,0,31.89,0,0.734,7.174,93.7,1.7119,4,437,31.3,34.17,14,0
1.73874,0,31.89,0,0.734,4.019,100,1.4394,4,437,31.3,34.41,14.4,0
3.33104,0,19.48,1,0.871,4.403,100,1.3317,4,403,14.7,37.83,13.4,0
4.0974,0,19.48,0,0.871,4.478,100,1.4118,4,403,14.7,37.43,14.7,0
3.77974,0,19.48,0,0.871,4.903,97.8,1.3449,4,403,14.7,39.39,11.8,0
3.37934,0,19.48,0,0.871,7.13,100,1.4191,4,403,14.7,37.8,13.8,0
3.14404,0,19.48,0,0.871,4.738,100,1.4177,4,403,14.7,17.74,14.7,0
3.37873,0,19.48,0,0.871,4.937,94.7,1.4708,4,403,14.7,39.43,14.7,0
3.33099,0,19.48,0,0.871,4.187,93.8,1.4397,4,403,14.7,38.33,17.8,0
3.73397,0,19.48,0,0.871,4.497,94.9,1.4347,4,403,14.7,31.44,14.4,0
1.7477,0,19.48,0,0.871,7.133,97.3,1.718,4,403,14.7,14.1,31.4,0
1.49733,0,19.48,0,0.871,4.404,100,1.4917,4,403,14.7,13.38,19.7,0
1.13748,0,19.48,1,0.871,4.013,88,1.7103,4,403,14.7,13.13,14.3,0
3.14918,0,19.48,0,0.871,4.709,98.4,1.7333,4,403,14.7,14.79,19.4,0
1.41384,0,19.48,1,0.871,7.139,97,1.7494,4,403,14.7,14.13,17,0
3.43401,0,19.48,1,0.871,7.143,83.7,1.7444,4,403,14.7,14.03,14.7,0
3.44778,0,19.48,0,0.871,4.373,94,1.7374,4,403,14.7,17.14,13.1,0
1.33348,0,19.48,0,0.704,7.943,97.4,1.8773,4,403,14.7,4.49,41.3,1
1.34384,0,19.48,0,0.704,7.077,100,1.7473,4,403,14.7,7.43,34.3,0
1.43403,0,19.48,0,0.871,7.41,100,1.7749,4,403,14.7,7.39,33.3,0
1.37347,0,19.48,1,0.704,7.34,93.7,1.7984,4,403,14.7,4.4,37,0
1.47337,0,19.48,0,0.704,7.489,90.8,1.9709,4,403,14.7,1.73,40,1
1.83377,0,19.48,1,0.704,7.803,98.3,3.0407,4,403,14.7,1.93,40,1
1.41903,0,19.48,1,0.704,8.374,93.9,3.173,4,403,14.7,3.33,40,1
3.34337,0,19.48,0,0.704,4.844,91.8,3.433,4,403,14.7,11.74,33.7,0
3.934,0,19.48,0,0.704,7.101,93,3.3834,4,403,14.7,9.81,34,0
3.01019,0,19.48,0,0.704,7.939,97.3,3.0449,4,403,14.7,3.7,40,1
1.80038,0,19.48,0,0.704,4.877,79.3,3.4349,4,403,14.7,13.14,33.8,0
3.3004,0,19.48,0,0.704,7.319,97.1,3.1,4,403,14.7,11.1,33.8,0
3.44943,0,19.48,0,0.704,7.403,94.3,3.3734,4,403,14.7,11.33,33.3,0
1.30743,0,19.48,0,0.704,4.874,94.7,3.4349,4,403,14.7,14.43,17.4,0
3.3139,0,19.48,0,0.704,4.88,97.3,3.3887,4,403,14.7,13.03,19.1,0
0.13914,0,4.04,0,0.41,4.473,88.4,3.4971,4,397,17.7,14.79,33.1,0
0.09178,0,4.04,0,0.41,7.417,84.1,3.7473,4,397,17.7,9.04,33.7,0
0.08447,0,4.04,0,0.41,4.849,78.7,3.7019,4,397,17.7,9.74,33.7,0
0.07774,0,4.04,0,0.41,7.447,33.1,3.1333,4,397,17.7,4.33,39.4,0
0.07033,0,4.04,0,0.41,7.03,47.3,3.4449,4,397,17.7,10.11,33.3,0
0.04434,0,4.04,0,0.41,7.314,73.4,3.3174,4,397,17.7,7.39,34.7,0
0.07743,0,4.04,0,0.41,7.87,74.4,3.9143,4,397,17.7,7.93,39.9,0
0.0478,0,3.47,0,0.488,7.98,48.4,3.839,3,193,17.8,4.04,37.3,1
0.07488,0,3.47,0,0.488,7.774,83.3,3.741,3,193,17.8,7.47,39.8,1
0.07888,0,3.47,0,0.488,7.144,73.3,3.4979,3,193,17.8,9.44,37.3,1
0.09103,0,3.47,0,0.488,7.144,93.3,3.7007,3,193,17.8,4.83,37.9,1
0.10008,0,3.47,0,0.488,7.473,94.7,3.847,3,193,17.8,4.78,33.4,1
0.08308,0,3.47,0,0.488,4.704,89.8,3.9879,3,193,17.8,13.98,37.4,0
0.07047,0,3.47,0,0.488,7.143,78.8,3.3797,3,193,17.8,13.14,39.7,0
0.04703,0,3.47,0,0.488,7.831,43.7,3.1993,3,193,17.8,4.44,40,1
0.07874,44,3.44,0,0.437,7.783,41.1,3.7887,4,398,14.3,7.78,33,1
0.13479,44,3.44,0,0.437,7.447,39.1,4.4777,4,398,14.3,4.47,39.8,0
0.0837,44,3.44,0,0.437,7.184,38.9,4.4777,4,398,14.3,4.39,34.9,1
0.09078,44,3.44,0,0.437,7.941,31.4,7.4798,4,398,14.3,4.1,37,1
0.07911,44,3.44,0,0.437,7.739,30.8,7.4798,4,398,14.3,4.79,30.4,1
0.08774,44,3.44,0,0.437,7.178,37.3,7.4798,4,398,14.3,3.87,37.4,1
0.03187,70,3.93,0,0.401,7.8,9.9,7.3197,1,374,14.7,4.03,31.1,1
0.01439,70,3.93,0,0.401,7.704,18.8,7.3197,1,374,14.7,4.38,39.1,0
0.01381,80,0.47,0,0.433,7.874,33,4.7484,4,344,14.4,3.97,40,1
0.04011,80,1.43,0,0.404,7.387,34.1,7.309,3,339,13.7,4.08,33.3,1
0.04777,80,1.43,0,0.404,7.107,37.7,7.309,3,339,13.7,8.71,30.3,1
0.03778,80,1.43,0,0.404,7.374,38.3,7.309,3,339,13.7,7.73,34.7,1
0.0314,94,1.47,0,0.403,7.974,14.3,7.7434,3,403,17,4.47,34.9,1
0.01778,94,1.47,0,0.403,7.134,13.9,7.7434,3,403,17,4.44,33.9,1
0.03444,83.4,3.03,0,0.414,7.173,38.4,7.37,3,348,14.7,7.43,34.1,0
0.03177,83.4,3.03,0,0.414,7.71,14.7,7.37,3,348,14.7,3.11,43.3,1
0.0341,94,3.78,0,0.4171,7.843,33.3,4.118,4,334,14.7,3.81,48.4,1
0.03009,94,3.78,0,0.4171,8.034,31.9,4.118,4,334,14.7,3.88,40,1
0.13743,0,10.49,0,0.489,4.891,33.3,3.9444,4,377,18.7,10.87,33.7,0
0.33979,0,10.49,0,0.489,7.337,43.4,4.3449,4,377,18.7,10.97,34.4,0
0.34199,0,10.49,0,0.489,4.783,73.7,4.3449,4,377,18.7,18.07,33.4,0
0.13487,0,10.49,1,0.489,7.074,49.1,4.3393,4,377,18.7,14.77,34.4,0
0.43471,0,10.49,1,0.489,4.344,100,3.874,4,377,18.7,33.09,30,0
0.17447,0,10.49,1,0.489,4.97,93.1,3.8771,4,377,18.7,17.37,31.7,0
0.37478,0,10.49,1,0.489,4.404,88.7,3.774,4,377,18.7,33.98,19.3,0
0.31719,0,10.49,1,0.489,4.807,43.8,3.7437,4,377,18.7,17.03,33.4,0
0.14043,0,10.49,0,0.489,7.374,33.3,3.9444,4,377,18.7,9.38,38.1,0
0.38944,0,10.49,0,0.489,4.413,9.8,3.4874,4,377,18.7,39.44,33.7,0
0.19803,0,10.49,0,0.489,7.183,43.4,3.9444,4,377,18.7,9.47,34,0
0.0447,0,13.89,1,0.44,4.888,47,3.1131,4,377,17.4,13.41,33.3,0
0.07013,0,13.89,0,0.44,7.743,84.1,3.4311,4,377,17.4,9.79,38.7,0
0.11079,0,13.89,1,0.44,4.941,93.8,3.8893,4,377,17.4,17.93,31.4,0
0.11434,0,13.89,1,0.44,7.373,93.4,3.3733,4,377,17.4,10.4,33,0
0.34809,0,7.3,1,0.407,7.941,88.4,3.8717,8,307,17.4,9.71,37.7,0
0.40771,0,7.3,1,0.407,7.174,91.3,3.048,8,307,17.4,31.47,31.7,0
0.73347,0,7.3,1,0.407,7.879,77.7,3.3731,8,307,17.4,9.93,37.4,0
0.7147,0,7.3,0,0.407,7.718,80.8,3.3731,8,307,17.4,7.7,30.1,1
0.31433,0,7.3,0,0.404,8.377,78.3,3.8944,8,307,17.4,4.14,44.8,1
0.43793,0,7.3,0,0.404,8.734,83,3.8944,8,307,17.4,4.73,40,1
0.38314,0,7.3,0,0.404,8.04,87.4,3.3147,8,307,17.4,3.13,37.7,1
0.41338,0,7.3,0,0.404,7.173,79.9,3.3147,8,307,17.4,7.37,31.7,1
0.39819,0,7.3,0,0.404,7.787,17,3.3741,8,307,17.4,3.93,47.7,1
0.44178,0,7.3,0,0.404,7.443,31.4,3.3741,8,307,17.4,3.77,31.4,1
0.437,0,7.3,0,0.404,4.981,78.1,3.7714,8,307,17.4,11.74,34.3,0
0.47397,0,7.3,0,0.404,7.413,77.9,3.7714,8,307,17.4,4.34,31.7,1
0.47439,0,7.3,0,0.407,8.337,73.3,3.8384,8,307,17.4,3.47,41.7,1
0.33147,0,7.3,0,0.407,8.347,70.4,3.7419,8,307,17.4,3.94,48.3,1
0.44791,0,7.3,1,0.407,7.737,77.4,3.7419,8,307,17.4,8.04,39,0
0.33044,0,7.3,0,0.407,7.087,71.4,3.7419,8,307,17.4,10.88,34,0
0.43048,0,7.3,1,0.407,7.731,77.4,4.148,8,307,17.4,9.44,34.1,0
0.41183,0,7.3,0,0.407,7.348,71.7,4.148,8,307,17.4,4.73,31.4,1
0.08344,30,4.93,0,0.438,7.481,18.4,7.1899,7,300,17.7,7.37,33.7,0
0.09343,30,4.93,0,0.438,7.707,43.3,7.1899,7,300,17.7,7.37,33.3,0
0.11339,30,4.93,0,0.438,7.897,44.3,7.3371,7,300,17.7,11.38,33,0
0.10713,30,4.93,0,0.438,7.094,74.1,7.3371,7,300,17.7,13.4,30.1,0
0.1039,30,4.93,0,0.438,7.348,43.9,7.0344,7,300,17.7,11.33,33.3,0
0.13747,30,4.93,0,0.438,7.393,7.8,7.0344,7,300,17.7,4.19,33.7,0
0.30708,33,4.87,0,0.431,4.493,77.4,7.9449,7,330,19.1,13.4,17.7,0
0.19133,33,4.87,0,0.431,4.704,70.3,7.9449,7,330,19.1,18.47,18.4,0
0.33983,33,4.87,0,0.431,7.108,34.9,8.0444,7,330,19.1,9.17,34.3,0
0.19747,33,4.87,0,0.431,7.337,79.3,8.0444,7,330,19.1,10.14,30.4,0
0.17439,33,4.87,0,0.431,7.433,49.1,7.8374,7,330,19.1,9.43,34.4,0
0.19073,33,4.87,0,0.431,7.718,17.4,7.8374,7,330,19.1,7.47,37.3,0
0.1403,33,4.87,0,0.431,7.487,13,7.3977,7,330,19.1,4.9,34.4,0
0.31409,33,4.87,0,0.431,7.438,8.9,7.3977,7,330,19.1,3.49,34.8,0
0.08331,33,4.87,0,0.431,7.947,7.8,8.9077,7,330,19.1,3.43,39.7,0
0.37894,33,4.87,0,0.431,8.349,8.4,8.9077,7,330,19.1,3.44,43.8,1
0.04819,80,3.74,0,0.393,7.108,33,9.3303,1,314,17.4,7.47,31.9,0
0.03448,80,3.74,0,0.393,4.877,19.1,9.3303,1,314,17.4,9.34,30.9,0
0.01438,90,3.74,0,0.394,7.444,34.3,7.3371,3,344,14.9,3.11,44,1
0.71144,30,3.97,0,0.747,8.704,87.9,1.801,4,374,13,4.13,40,1
0.77341,30,3.97,0,0.747,7.333,100,1.8947,4,374,13,7.79,37,1
0.74774,30,3.97,0,0.747,7.843,100,3.0107,4,374,13,7.9,30.1,1
0.44011,30,3.97,0,0.747,7.303,81.8,3.1131,4,374,13,9.49,33.8,1
0.43413,30,3.97,0,0.747,7.43,89.4,3.1398,4,374,13,7.37,43.1,1
0.43014,30,3.97,0,0.747,8.398,91.4,3.3884,4,374,13,4.91,48.8,1
0.83437,30,3.97,0,0.747,7.337,94.4,3.0788,4,374,13,11.34,31,1
0.44007,30,3.97,0,0.747,7.307,91.7,1.9301,4,374,13,8.1,37.4,1
0.77173,30,3.97,0,0.747,4.47,73.8,1.9874,4,374,13,10.44,33.8,0
0.7847,30,3.97,0,0.747,7.014,84.7,3.1339,4,374,13,14.79,30.7,1
0.47834,30,3.97,0,0.474,8.397,77,3.4317,4,374,13,7.44,40,1
0.4404,30,3.97,0,0.474,7.47,43.7,3.873,4,374,13,3.17,43.4,1
0.09074,30,7.97,1,0.474,4.93,71.4,3.9174,3,333,18.7,13.74,30.7,0
0.39917,30,7.97,0,0.474,4.847,43.1,4.439,3,333,18.7,13,31.1,0
0.17311,30,7.97,0,0.474,7.34,17.3,4.439,3,333,18.7,7.49,34.3,0
0.1147,30,7.97,0,0.474,7.438,48.7,3.9174,3,333,18.7,7.73,34.4,0
0.33188,30,7.97,1,0.474,7.791,41.8,4.3774,3,333,18.7,7.48,34.3,1
0.04744,40,7.41,1,0.447,7.748,33.9,4.0777,4,344,17.7,3.43,33.4,1
0.09704,40,7.41,0,0.447,7.844,43.8,4.3773,4,344,17.7,3.98,33,1
0.10479,40,7.41,1,0.447,7.377,49,4.7873,4,344,17.7,7.04,33.3,1
0.07137,40,7.41,1,0.447,7.837,37.7,4.8738,4,344,17.7,4.17,33.1,1
0.07978,40,7.41,0,0.447,7.483,33.1,4.1403,4,344,17.7,7.19,39.1,0
0.31038,30,3.33,0,0.4439,7.813,33.3,4.1007,4,317,14.9,4.84,34.1,1
0.03478,30,3.33,0,0.4439,7.83,74.4,4.7947,4,317,14.9,3.77,44.4,1
0.03704,30,3.33,0,0.4439,7.978,37.3,4.3447,4,317,14.9,4.49,34.4,1
0.07139,30,3.33,1,0.4439,7.744,49.7,4.3119,4,317,14.9,3.01,47,1
0.01401,90,1.31,1,0.401,7.933,34.8,4.884,1,198,13.7,3.17,40,1
0.00907,90,3.97,0,0.4,7.088,30.8,7.3073,1,384,14.3,7.84,33.3,1
0.01097,44,3.34,0,0.389,7.443,31.9,7.3073,1,300,14.3,8.33,33,0
0.01974,80,1.77,0,0.384,7.33,31.4,9.0893,1,341,18.3,13.93,30.1,0
0.03871,43.4,4.33,0,0.404,7.309,31.3,7.3173,7,393,17.7,7.14,33.3,0
0.0449,43.4,4.33,0,0.404,7.314,44.7,7.3173,7,393,17.7,7.7,33.3,0
0.04397,43.4,4.33,0,0.404,7.474,33.9,7.3173,7,393,17.7,9.41,34.8,0
0.03403,80,4.94,0,0.411,7.871,37.9,4.1177,4,344,19.3,3.33,38.4,0
0.07887,80,4.94,0,0.411,7.148,37.7,4.1177,4,344,19.3,3.47,37.3,1
0.03714,80,4.94,0,0.411,7.73,33.4,4.1177,4,344,19.3,4.7,37.9,0
0.08374,0,13.93,0,0.437,7.137,18.4,4.4037,4,389,17,8.48,33.9,0
0.08199,0,13.93,0,0.437,7.009,43.3,4.4037,4,389,17,10.4,31.7,0
0.13933,0,13.93,0,0.437,7.778,31.1,4.9704,4,389,17,7.37,38.7,0
0.04373,0,13.93,0,0.437,7.449,41,4.9704,4,389,17,7.39,37.1,0
0.14103,0,13.93,0,0.437,4.79,48,7.33,4,389,17,14.84,30.3,0
0.07477,70,3.34,0,0.4,7.344,30.1,7.8378,4,348,14.8,4.97,33.4,0
0.04471,70,3.34,0,0.4,7.041,10,7.8378,4,348,14.8,4.74,39,0
0.04417,70,3.34,0,0.4,7.871,47.4,7.8378,4,348,14.8,7.07,34.8,0
0.03437,34,7.09,0,0.433,7.49,40.4,4.4917,7,339,17.1,9.4,33,0
0.09377,34,7.09,0,0.433,7.494,18.4,4.4917,7,339,17.1,8.77,37.4,0
0.1,34,7.09,0,0.433,7.983,17.7,4.4917,7,339,17.1,4.87,33.1,1
0.04414,33,3.18,0,0.473,7.337,41.1,4.033,7,333,18.4,7.93,37.1,1
0.04479,33,3.18,0,0.473,7.717,48.1,3.37,7,333,18.4,8.93,38.4,0
0.07403,33,3.18,0,0.473,7.43,71.9,3.0993,7,333,18.4,7.47,33.4,1
0.04933,33,3.18,0,0.473,7.849,70.3,3.1837,7,333,18.4,7.43,38.3,0
0.49398,0,9.9,0,0.444,7.734,83.4,3.3174,4,304,18.4,4.44,33.8,0
0.3494,0,9.9,0,0.444,4.973,77.7,3.1034,4,304,18.4,9.97,30.3,0
3.73448,0,9.9,0,0.444,4.973,37.8,3.4194,4,304,18.4,13.74,17.1,0
0.79041,0,9.9,0,0.444,7.133,43.8,3.7403,4,304,18.4,4.98,33.1,0
0.37179,0,9.9,0,0.444,7.033,90.4,3.834,4,304,18.4,11.73,19.4,0
0.37938,0,9.9,0,0.444,7.377,83.8,3.3738,4,304,18.4,7.9,31.7,0
0.3793,0,9.9,0,0.444,7.477,87.3,3.7033,4,304,18.4,9.38,33.8,0
0.34347,0,9.9,0,0.444,4.704,77.7,3.944,4,304,18.4,11.4,17.3,0
0.31837,0,9.9,0,0.444,4.914,83.3,3.9987,4,304,18.4,18.33,17.8,0
0.34433,0,9.9,0,0.444,4.783,71.7,4.0317,4,304,18.4,14.94,19.8,0
0.40303,0,9.9,0,0.444,7.383,77.3,3.4334,4,304,18.4,10.37,33.1,0
0.47447,0,9.9,0,0.444,7.113,48.8,4.0019,4,304,18.4,13.73,31,0
0.1777,0,7.38,0,0.493,7.437,43.3,4.4404,4,387,19.7,7.3,33.8,0
0.18149,0,7.38,0,0.493,7.377,44.3,4.4404,4,387,19.7,7.87,33.1,0
0.34114,0,7.38,0,0.493,7.041,49.9,4.7311,4,387,19.7,7.7,30.4,0
0.38393,0,7.38,0,0.493,4.708,74.3,4.7311,4,387,19.7,11.74,18.4,0
0.34109,0,7.38,0,0.493,7.414,40.1,4.7311,4,387,19.7,7.13,34,0
0.19187,0,7.38,0,0.493,7.431,14.7,4.4149,4,387,19.7,4.08,34.7,0
0.30347,0,7.38,0,0.493,7.313,38.9,4.4149,4,387,19.7,7.14,33,0
0.34103,0,7.38,0,0.493,7.083,43.7,4.4149,4,387,19.7,13.79,33.3,0
0.07717,0,3.34,0,0.47,4.878,34.8,4.3147,4,430,17.9,9.97,19.3,0
0.07734,0,3.34,0,0.47,7.333,17.3,4.3147,4,430,17.9,7.34,33.7,0
0.04444,0,3.34,0,0.47,7.144,33.3,4.8737,4,430,17.9,9.09,19.8,0
0.04033,34,7.07,0,0.4379,4.707,38.4,7.7407,1,304,17.9,13.43,17.1,0
0.03477,34,7.07,0,0.4379,7.031,33.3,7.7407,1,304,17.9,7.83,19.4,0
0.04083,0,4.19,0,0.414,7.317,38.1,7.4484,4,334,30.3,4.78,33.3,0
0.03738,0,4.19,0,0.414,7.31,38.4,7.4484,4,334,30.3,7.74,30.7,0
0.03971,0,4.19,0,0.414,7.037,34.4,4.9843,4,334,30.3,8.01,31.1,0
0.03437,0,4.19,0,0.414,4.879,47.3,4.3311,4,334,30.3,9.8,19.4,0
0.03041,0,4.19,0,0.414,4.894,49.7,4.714,4,334,30.3,10.47,18.4,0
0.03307,0,4.19,0,0.414,7.049,37.3,4.8133,4,334,30.3,8.41,30.7,0
0.04497,0,4.19,0,0.414,4.984,44.4,4.8133,4,334,30.3,9.74,19,0
0.07141,0,4.19,0,0.414,4.978,48.4,4.8133,4,334,30.3,9.39,18.7,0
0.01301,34,1.43,0,0.443,7.341,49.3,7.0379,1,384,14.4,4.49,33.7,1
0.03498,0,1.89,0,0.418,7.44,49.7,7.3779,1,433,14.9,8.74,17.4,0
0.03443,44,3.78,0,0.484,7.797,47.4,4.7331,4,370,17.7,7.18,33.9,0
0.03049,44,3.78,0,0.484,7.874,38.1,7.4744,4,370,17.7,4.71,31.3,1
0.03113,0,4.39,0,0.443,7.014,48.4,8.0137,3,343,18.8,10.43,17.4,0
0.07173,0,4.39,0,0.443,4.898,43.3,8.0137,3,343,18.8,13.77,17.3,0
0.0187,84,4.14,0,0.439,7.417,37.7,8.4343,4,341,17.9,7.37,33.1,0
0.01401,80,3.01,0,0.434,7.734,39.7,8.344,4,380,17,4.99,34.4,0
0.03899,40,1.34,0,0.439,7.939,34.4,8.7931,1,334,19.7,4.89,37.7,0
0.07311,40,1.34,0,0.439,7.49,44.4,8.7931,1,334,19.7,4.98,33.9,0
0.0794,70,1.79,0,0.411,7.479,34.9,10.7103,4,411,18.3,4.49,34.1,0
0.07344,70,1.79,0,0.411,4.884,18.4,10.7103,4,411,18.3,7.79,18.7,0
0.01709,90,3.03,0,0.41,7.738,37.1,13.1374,4,187,17,4.4,30.1,1
0.04301,80,1.91,0,0.413,4.773,31.9,10.4847,4,334,33,8.04,18.3,0
0.10749,80,1.91,0,0.413,4.937,19.4,10.4847,4,334,33,4.47,30.7,0
8.98397,0,18.1,1,0.77,7.313,97.4,3.1333,34,777,30.3,17.7,17.8,0
3.8497,0,18.1,1,0.77,7.394,91,3.4043,34,777,30.3,13.37,31.7,0
4.30177,0,18.1,1,0.77,7.137,83.4,3.7337,34,777,30.3,11.48,33.7,0
4.37131,0,18.1,0,0.77,7.113,81.3,3.4091,34,777,30.3,13.77,33.7,0
4.44193,0,18.1,0,0.77,7.398,88,3.4183,34,777,30.3,7.79,34,0
3.83784,0,18.1,0,0.77,7.341,91.1,3.3944,34,777,30.3,14.19,19.9,0
3.77833,0,18.1,0,0.77,4.373,97.3,3.1037,34,777,30.3,10.19,30.8,0
4.33339,0,18.1,1,0.77,4.803,89,1.9047,34,777,30.3,14.74,17.8,0
3.47438,0,18.1,1,0.718,8.78,83.9,1.9047,34,777,30.3,4.39,31.9,0
4.44487,0,18.1,0,0.718,3.471,87.9,1.7133,34,777,30.3,7.13,37.4,0
3.79794,0,18.1,0,0.718,4.973,91.4,1.7433,34,777,30.3,14,31.9,0
13.4333,0,18.1,0,0.731,3.873,100,1.4107,34,777,30.3,13.33,33.1,0
4.89833,0,18.1,0,0.731,4.97,100,1.3334,34,777,30.3,3.37,40,1
4.77998,0,18.1,1,0.731,7.783,97.8,1.3477,34,777,30.3,3.73,40,1
7.43877,0,18.1,1,0.731,7.017,97.4,1.3034,34,777,30.3,3.97,40,1
9.3333,0,18.1,0,0.731,7.317,100,1.1791,34,777,30.3,9.43,40,1
8.37734,0,18.1,1,0.778,4.874,89.7,1.1397,34,777,30.3,8.88,40,1
11.1081,0,18.1,0,0.778,4.907,100,1.1743,34,777,30.3,34.77,13.8,0
18.4983,0,18.1,0,0.778,4.138,100,1.137,34,777,30.3,37.97,13.8,0
19.7091,0,18.1,0,0.771,7.313,97.9,1.3173,34,777,30.3,13.44,14,0
14.388,0,18.1,0,0.771,7.749,93.3,1.3449,34,777,30.3,33.34,13.9,0
9.83349,0,18.1,0,0.771,7.794,98.8,1.348,34,777,30.3,31.34,13.3,0
33.7483,0,18.1,0,0.771,7.38,97.3,1.3871,34,777,30.3,33.79,13.1,0
17.8777,0,18.1,0,0.771,7.333,100,1.3871,34,777,30.3,31.78,10.3,0
88.9773,0,18.1,0,0.771,7.978,91.9,1.4174,34,777,30.3,17.31,10.4,0
14.8744,0,18.1,0,0.771,7.444,99.1,1.4193,34,777,30.3,31.08,10.9,0
9.18703,0,18.1,0,0.7,4.437,100,1.4804,34,777,30.3,33.7,11.3,0
7.99348,0,18.1,0,0.7,4.43,100,1.4331,34,777,30.3,34.47,13.3,0
30.0849,0,18.1,0,0.7,4.378,91.3,1.4394,34,777,30.3,30.73,8.8,0
17.8118,0,18.1,0,0.7,4.377,98.1,1.4371,34,777,30.3,30.81,7.3,0
34.3938,0,18.1,0,0.7,4.743,100,1.4773,34,777,30.3,38.38,10.4,0
33.4971,0,18.1,0,0.7,4,89.4,1.4184,34,777,30.3,31.99,7.4,0
14.3337,0,18.1,0,0.7,4.88,100,1.4894,34,777,30.3,30.73,10.3,0
8.14174,0,18.1,0,0.7,4.39,98.9,1.7381,34,777,30.3,30.84,11.4,0
7.97314,0,18.1,0,0.7,4.713,97,1.9374,34,777,30.3,17.11,14.1,0
4.39304,0,18.1,0,0.7,7.041,83.4,3.1778,34,777,30.3,18.77,33.3,0
11.4779,0,18.1,0,0.7,4.037,97,1.77,34,777,30.3,34.78,9.7,0
8.74477,0,18.1,0,0.793,7.193,93.7,1.7913,34,777,30.3,14.17,13.8,0
13.3498,0,18.1,0,0.793,4.887,94.7,1.7831,34,777,30.3,17.34,13.7,0
8.71774,0,18.1,0,0.793,7.471,98.8,1.7347,34,777,30.3,17.13,13.1,0
4.87304,0,18.1,0,0.793,7.404,97,1.7778,34,777,30.3,19.37,13.4,0
7.77303,0,18.1,0,0.793,4.747,98.9,1.7334,34,777,30.3,19.93,8.4,0
38.3418,0,18.1,0,0.793,4.443,100,1.4897,34,777,30.3,30.49,4,0
9.91744,0,18.1,0,0.793,4.843,77.8,1.4004,34,777,30.3,39.97,7.3,0
34.0471,0,18.1,0,0.793,4.987,100,1.4888,34,777,30.3,37.77,4.7,0
14.3373,0,18.1,0,0.793,7.343,100,1.4741,34,777,30.3,30.33,7.3,0
9.49471,0,18.1,0,0.793,7.404,100,1.739,34,777,30.3,30.31,13.1,0
34.8017,0,18.1,0,0.793,4.349,97,1.7038,34,777,30.3,19.77,8.3,0
41.4393,0,18.1,0,0.793,4.431,84.4,1.7074,34,777,30.3,37.38,8.4,0
77.9308,0,18.1,0,0.793,4.783,100,1.4344,34,777,30.3,33.98,4,0
30.7173,0,18.1,0,0.749,4.138,100,1.1781,34,777,30.3,33.34,11.9,0
11.9411,0,18.1,0,0.749,4.708,100,1.3843,34,777,30.3,13.13,37.9,0
7.40389,0,18.1,0,0.497,4.717,97.9,1.4447,34,777,30.3,37.4,17.3,0
14.4383,0,18.1,0,0.497,7.843,100,1.4744,34,777,30.3,19.78,37.4,0
41.1348,0,18.1,0,0.497,4.747,100,1.413,34,777,30.3,10.11,14,0
14.0407,0,18.1,0,0.497,7.747,100,1.4374,34,777,30.3,31.33,17.3,0
18.811,0,18.1,0,0.497,4.738,100,1.4439,34,777,30.3,34.37,17.9,0
38.7448,0,18.1,0,0.497,4.144,100,1.4894,34,777,30.3,30.08,17.3,0
44.7471,0,18.1,0,0.793,4.419,100,1.7483,34,777,30.3,37.98,7,0
18.0847,0,18.1,0,0.779,7.434,100,1.8347,34,777,30.3,39.04,7.3,0
10.8343,0,18.1,0,0.779,7.783,90.8,1.8194,34,777,30.3,34.79,7.4,0
34.9407,0,18.1,0,0.779,4.304,89.1,1.7474,34,777,30.3,37.74,10.4,0
73.4341,0,18.1,0,0.779,4.947,100,1.8037,34,777,30.3,30.73,8.8,0
11.8133,0,18.1,0,0.718,7.834,77.4,1.794,34,777,30.3,33.74,8.4,0
11.0874,0,18.1,0,0.718,7.411,100,1.8489,34,777,30.3,14.03,17.7,0
7.03349,0,18.1,0,0.718,7.007,94.3,1.8747,34,777,30.3,14.7,14.3,0
13.0483,0,18.1,0,0.714,4.748,87.7,1.9413,34,777,30.3,14.1,30.8,0
7.04043,0,18.1,0,0.714,7.103,84.1,3.0318,34,777,30.3,33.39,13.4,0
8.79313,0,18.1,0,0.484,4.474,70.7,3.0734,34,777,30.3,17.17,11.7,0
14.8703,0,18.1,0,0.779,4.897,94.4,1.9097,34,777,30.3,34.39,8.3,0
13.3473,0,18.1,0,0.484,4.837,49.7,1.9977,34,777,30.3,14.79,10.3,0
37.7719,0,18.1,0,0.779,7.303,78.7,1.8739,34,777,30.3,14.43,10.9,0
7.37711,0,18.1,0,0.779,7.193,78.1,1.9347,34,777,30.3,31.43,11,0
9.33889,0,18.1,0,0.779,7.38,94.7,1.9783,34,777,30.3,34.08,9.4,0
8.49313,0,18.1,0,0.484,7.348,87.1,3.0437,34,777,30.3,17.74,14.4,0
10.0733,0,18.1,0,0.484,7.833,94.3,3.0883,34,777,30.3,19.79,14.1,0
7.44404,0,18.1,0,0.484,7.434,74.8,3.3004,34,777,30.3,13.03,17.1,0
4.48107,0,18.1,0,0.713,7.437,87.9,3.3148,34,777,30.3,17.33,14.3,0
13.9134,0,18.1,0,0.713,7.308,94,3.3333,34,777,30.3,14.17,11.7,0
11.1704,0,18.1,0,0.74,7.739,94.7,3.1347,34,777,30.3,33.37,13.4,0
14.4308,0,18.1,0,0.74,7.471,93.3,3.0037,34,777,30.3,18.04,9.7,0
14.1773,0,18.1,0,0.74,7.143,100,1.9143,34,777,30.3,37.44,8.7,0
13.7781,0,18.1,0,0.74,4.934,87.9,1.8307,34,777,30.3,34.03,8.4,0
9.39073,0,18.1,0,0.74,4.737,93.9,1.8173,34,777,30.3,33.88,13.8,0
33.0411,0,18.1,0,0.74,4.818,93.4,1.8773,34,777,30.3,33.11,10.4,0
9.73418,0,18.1,0,0.74,7.407,97.3,3.0741,34,777,30.3,19.43,17.1,0
4.77737,0,18.1,0,0.74,7.319,100,3.0048,34,777,30.3,17.49,18.4,0
9.97744,0,18.1,0,0.74,7.484,100,1.9784,34,777,30.3,18.84,14.4,0
13.8033,0,18.1,0,0.74,4.844,97.7,1.8947,34,777,30.3,33.79,10.8,0
10.7718,0,18.1,0,0.74,7.449,94.8,1.9879,34,777,30.3,33.98,11.8,0
7.38807,0,18.1,0,0.74,7.341,97.4,3.073,34,777,30.3,17.79,14.9,0
9.93484,0,18.1,0,0.74,7.341,97.7,3.198,34,777,30.3,17.44,13.7,0
9.33909,0,18.1,0,0.713,7.184,98.7,3.3717,34,777,30.3,18.13,14.1,0
7.43701,0,18.1,0,0.713,7.417,98.3,3.184,34,777,30.3,19.31,13,0
7.71773,0,18.1,0,0.713,7.749,93.7,3.3337,34,777,30.3,17.44,13.4,0
4.44114,0,18.1,0,0.713,7.744,98.3,3.3443,34,777,30.3,17.73,14.3,0
4.09017,0,18.1,0,0.713,7.397,91.8,3.3783,34,777,30.3,17.37,17.1,0
8.34809,0,18.1,0,0.713,7.393,99.3,3.4437,34,777,30.3,17.74,17.8,0
9.41373,0,18.1,0,0.713,7.738,94.1,3.4971,34,777,30.3,18.71,14.9,0
4.74337,0,18.1,0,0.713,7.434,87.4,3.4348,34,777,30.3,18.13,14.1,0
4.77883,0,18.1,0,0.713,4.977,87.9,3.4807,34,777,30.3,19.01,13.7,0
8.30048,0,18.1,0,0.713,4.937,80.3,3.7793,34,777,30.3,17.94,13.4,0
7.74333,0,18.1,0,0.713,7.301,83.7,3.7831,34,777,30.3,17.33,14.9,0
7.80117,0,18.1,0,0.713,7.081,84.4,3.7174,34,777,30.3,14.7,30,0
4.81313,0,18.1,0,0.713,7.701,90,3.4974,34,777,30.3,17.43,17.4,0
3.79311,0,18.1,0,0.713,7.377,88.4,3.4771,34,777,30.3,14.74,17.7,0
7.74493,0,18.1,0,0.713,7.317,83,3.7344,34,777,30.3,13.99,19.4,0
4.83114,0,18.1,0,0.713,7.413,89.9,3.8017,34,777,30.3,10.39,30.3,0
7.83933,0,18.1,0,0.744,7.309,74.4,3.9734,34,777,30.3,13.33,31.4,0
3.1737,0,18.1,0,0.744,4.749,48.3,3.0774,34,777,30.3,14.13,19.9,0
3.77498,0,18.1,0,0.744,4.943,84.7,3.8714,34,777,30.3,17.14,19,0
4.43338,0,18.1,0,0.484,7.003,94.4,3.4403,34,777,30.3,31.33,19.1,0
14.4747,0,18.1,0,0.48,4.937,71,3.9084,34,777,30.3,18.13,19.1,0
13.0741,0,18.1,0,0.48,4.713,47.7,3.8337,34,777,30.3,14.77,30.1,0
4.34879,0,18.1,0,0.48,7.177,84,3.0334,34,777,30.3,17.39,19.9,0
4.03841,0,18.1,0,0.433,7.339,90.7,3.0993,34,777,30.3,13.87,19.7,0
3.47878,0,18.1,0,0.48,7.437,74,3.8974,34,777,30.3,14.37,33.3,0
4.74789,0,18.1,0,0.714,7.98,77.7,3.4339,34,777,30.3,11.77,39.8,0
8.04479,0,18.1,0,0.484,4.437,94.4,3.4398,34,777,30.3,18.14,13.8,0
7.39313,0,18.1,0,0.484,7.173,97.4,3.307,34,777,30.3,34.1,13.3,0
4.87141,0,18.1,0,0.714,7.484,93.7,3.3043,34,777,30.3,18.78,17.7,0
14.0334,0,18.1,0,0.714,4.304,97.3,3.1007,34,777,30.3,34.91,13,0
10.333,0,18.1,0,0.714,7.184,97.7,3.1704,34,777,30.3,18.03,14.7,0
14.3337,0,18.1,0,0.714,7.339,88,1.9413,34,777,30.3,13.11,31.4,0
4.83401,0,18.1,0,0.433,7.343,74.7,3.4343,34,777,30.3,10.74,33,0
4.70818,0,18.1,0,0.433,7.74,74.9,3.3317,34,777,30.3,7.74,33.7,0
4.73117,0,18.1,0,0.433,7.071,77,3.4107,34,777,30.3,7.01,34,0
3.81838,0,18.1,0,0.433,4.773,40.3,4.0983,34,777,30.3,10.43,31.8,0
3.37847,0,18.1,0,0.483,4.871,41.9,3.734,34,777,30.3,13.34,30.7,0
3.77377,0,18.1,0,0.483,7.313,41.9,3.9917,34,777,30.3,10.48,31.3,0
4.79174,0,18.1,0,0.483,7.114,79.8,3.4449,34,777,30.3,14.98,19.1,0
4.83477,0,18.1,0,0.483,4.904,43.3,3.1433,34,777,30.3,11.44,30.7,0
0.14087,0,37.74,0,0.709,4.444,93.7,1.8309,4,711,30.1,18.07,14.3,0
0.18337,0,37.74,0,0.709,4.414,98.3,1.7444,4,711,30.1,33.97,7,0
0.30747,0,37.74,0,0.709,4.093,98,1.8337,4,711,30.1,39.78,8.1,0
0.10474,0,37.74,0,0.709,4.983,98.8,1.8781,4,711,30.1,18.07,13.7,0
0.11133,0,37.74,0,0.709,4.983,83.4,3.1099,4,711,30.1,13.34,30.1,0
0.17331,0,9.79,0,0.484,4.707,44,3.3817,7,391,19.3,13.01,31.8,0
0.37947,0,9.79,0,0.484,4.937,43.7,3.3817,7,391,19.3,13.49,34.4,0
0.17899,0,9.79,0,0.484,4.77,38.8,3.7987,7,391,19.3,17.7,33.1,0
0.3897,0,9.79,0,0.484,4.39,73.9,3.7987,7,391,19.3,31.14,19.7,0
0.37838,0,9.79,0,0.484,4.794,70.7,3.8937,7,391,19.3,14.1,18.3,0
0.33913,0,9.79,0,0.484,7.019,74.3,3.4091,7,391,19.3,13.93,31.3,0
0.17783,0,9.79,0,0.484,4.479,73.4,3.3999,7,391,19.3,14.1,17.4,0
0.33438,0,9.79,0,0.484,7.037,79.7,3.4983,7,391,19.3,14.33,17.8,0
0.07373,0,11.93,0,0.473,7.493,79.1,3.4787,1,373,31,9.77,33.4,0
0.04437,0,11.93,0,0.473,7.13,77.7,3.3874,1,373,31,9.08,30.7,0
0.07077,0,11.93,0,0.473,7.977,91,3.1774,1,373,31,4.74,33.9,0
0.10949,0,11.93,0,0.473,7.794,89.3,3.3889,1,373,31,7.48,33,0
0.04741,0,11.93,0,0.473,7.03,80.8,3.404,1,373,31,7.88,11.9,0
